[{"id":"558981469857@s.whatsapp.net","xp":100006390,"level":15},{"id":"559184035474@s.whatsapp.net","xp":100037667,"level":15},{"id":"5511988985726@s.whatsapp.net","xp":77227,"level":5},{"id":"559192136241@s.whatsapp.net","xp":63383,"level":4},{"id":"5511962564714@s.whatsapp.net","xp":90550,"level":5},{"id":"554796453845@s.whatsapp.net","xp":69515,"level":4},{"id":"558981165827@s.whatsapp.net","xp":42260,"level":4},{"id":"558599895391@s.whatsapp.net","xp":55355,"level":4},{"id":"558588968147@s.whatsapp.net","xp":34284,"level":3},{"id":"552192539941@s.whatsapp.net","xp":68925,"level":4},{"id":"559299839173@s.whatsapp.net","xp":33955,"level":3},{"id":"5519989084467@s.whatsapp.net","xp":31480,"level":3},{"id":"556593394562@s.whatsapp.net","xp":57221,"level":4},{"id":"556199013841@s.whatsapp.net","xp":53729,"level":4},{"id":"5511937286887@s.whatsapp.net","xp":25483,"level":3},{"id":"558287700991@s.whatsapp.net","xp":39990,"level":4},{"id":"5521981689107@s.whatsapp.net","xp":67278,"level":4},{"id":"558197285844@s.whatsapp.net","xp":26078,"level":3},{"id":"559492849669@s.whatsapp.net","xp":24043,"level":3},{"id":"559295114497@s.whatsapp.net","xp":23821,"level":3},{"id":"555492446147@s.whatsapp.net","xp":30568,"level":3},{"id":"554291452626@s.whatsapp.net","xp":43945,"level":4},{"id":"5511984228699@s.whatsapp.net","xp":21740,"level":3},{"id":"559184135976@s.whatsapp.net","xp":62846,"level":4},{"id":"559899848397@s.whatsapp.net","xp":18660,"level":3},{"id":"5511910761611@s.whatsapp.net","xp":18650,"level":3},{"id":"557391944397@s.whatsapp.net","xp":32022,"level":3},{"id":"554599432716@s.whatsapp.net","xp":15662,"level":3},{"id":"558281375142@s.whatsapp.net","xp":15206,"level":3},{"id":"558597917367@s.whatsapp.net","xp":20174,"level":3},{"id":"556899265179@s.whatsapp.net","xp":18348,"level":3},{"id":"554396466824@s.whatsapp.net","xp":61360,"level":4},{"id":"554187855836@s.whatsapp.net","xp":38603,"level":4},{"id":"5516994068584@s.whatsapp.net","xp":12336,"level":2},{"id":"556792266471@s.whatsapp.net","xp":27290,"level":3},{"id":"5511963895971@s.whatsapp.net","xp":10960,"level":2},{"id":"5511958312208@s.whatsapp.net","xp":29094,"level":3},{"id":"558199176426@s.whatsapp.net","xp":31193,"level":3},{"id":"5524998257864@s.whatsapp.net","xp":8384,"level":2},{"id":"554498782848@s.whatsapp.net","xp":8205,"level":2},{"id":"258844795677@s.whatsapp.net","xp":10101,"level":2},{"id":"558192785097@s.whatsapp.net","xp":7136,"level":2},{"id":"5511990167657@s.whatsapp.net","xp":8522,"level":2},{"id":"557184654663@s.whatsapp.net","xp":6986,"level":2},{"id":"558581509734@s.whatsapp.net","xp":6859,"level":2},{"id":"553888517724@s.whatsapp.net","xp":6682,"level":2},{"id":"559191707457@s.whatsapp.net","xp":6565,"level":2},{"id":"5518997531759@s.whatsapp.net","xp":6236,"level":2},{"id":"5511980505287@s.whatsapp.net","xp":6193,"level":2},{"id":"5511945918145@s.whatsapp.net","xp":6093,"level":2},{"id":"558183641365@s.whatsapp.net","xp":7580,"level":2},{"id":"5521972646374@s.whatsapp.net","xp":5978,"level":2},{"id":"559699723506@s.whatsapp.net","xp":8756,"level":2},{"id":"553888447340@s.whatsapp.net","xp":5635,"level":2},{"id":"554298567347@s.whatsapp.net","xp":8170,"level":2},{"id":"5511957337176@s.whatsapp.net","xp":4384,"level":1},{"id":"5511985882197@s.whatsapp.net","xp":4308,"level":1},{"id":"559295181764@s.whatsapp.net","xp":4127,"level":1},{"id":"5511981021695@s.whatsapp.net","xp":4120,"level":1},{"id":"558396308268@s.whatsapp.net","xp":6072,"level":2},{"id":"5511943731042@s.whatsapp.net","xp":4032,"level":1},{"id":"5511948091727@s.whatsapp.net","xp":4017,"level":1},{"id":"556999927814@s.whatsapp.net","xp":3892,"level":1},{"id":"557182369330@s.whatsapp.net","xp":3828,"level":1},{"id":"5511949907065@s.whatsapp.net","xp":16327,"level":3},{"id":"559492433633@s.whatsapp.net","xp":3575,"level":1},{"id":"556499983397@s.whatsapp.net","xp":3536,"level":1},{"id":"559391257820@s.whatsapp.net","xp":7035,"level":2},{"id":"5511934660977@s.whatsapp.net","xp":3479,"level":1},{"id":"556592163156@s.whatsapp.net","xp":50311,"level":4},{"id":"554196414291@s.whatsapp.net","xp":3369,"level":1},{"id":"554498919550@s.whatsapp.net","xp":3268,"level":1},{"id":"555185219848@s.whatsapp.net","xp":6288,"level":2},{"id":"554591079719@s.whatsapp.net","xp":3140,"level":1},{"id":"556993899391@s.whatsapp.net","xp":3100,"level":1},{"id":"5516988673362@s.whatsapp.net","xp":2667,"level":1},{"id":"5527988781617@s.whatsapp.net","xp":2622,"level":1},{"id":"556199589604@s.whatsapp.net","xp":2992,"level":1},{"id":"555496592565@s.whatsapp.net","xp":2273,"level":1},{"id":"5515998268136@s.whatsapp.net","xp":6801,"level":2},{"id":"557582846146@s.whatsapp.net","xp":2194,"level":1},{"id":"553598429713@s.whatsapp.net","xp":2145,"level":1},{"id":"553198344834@s.whatsapp.net","xp":1755,"level":1},{"id":"559892141014@s.whatsapp.net","xp":3534,"level":1},{"id":"5519992901491@s.whatsapp.net","xp":1522,"level":1},{"id":"556599373634@s.whatsapp.net","xp":15640,"level":3},{"id":"559491087280@s.whatsapp.net","xp":1463,"level":1},{"id":"5511959792350@s.whatsapp.net","xp":1461,"level":1},{"id":"557981143650@s.whatsapp.net","xp":1420,"level":1},{"id":"556899079503@s.whatsapp.net","xp":1409,"level":1},{"id":"557398569217@s.whatsapp.net","xp":3392,"level":1},{"id":"557988721575@s.whatsapp.net","xp":2257,"level":1},{"id":"556196619769@s.whatsapp.net","xp":3678,"level":1},{"id":"554399737646@s.whatsapp.net","xp":12678,"level":2},{"id":"5512992577537@s.whatsapp.net","xp":23781,"level":3},{"id":"554196841802@s.whatsapp.net","xp":1010,"level":1},{"id":"5513997514422@s.whatsapp.net","xp":2415,"level":1},{"id":"553496480200@s.whatsapp.net","xp":873,"level":1},{"id":"557996636053@s.whatsapp.net","xp":818,"level":1},{"id":"5511977067779@s.whatsapp.net","xp":793,"level":1},{"id":"553591087217@s.whatsapp.net","xp":673,"level":1},{"id":"556896030801@s.whatsapp.net","xp":661,"level":1},{"id":"556296787216@s.whatsapp.net","xp":648,"level":1},{"id":"556381581455@s.whatsapp.net","xp":621,"level":1},{"id":"553388576877@s.whatsapp.net","xp":589,"level":1},{"id":"5527988736169@s.whatsapp.net","xp":581,"level":1},{"id":"559899685838@s.whatsapp.net","xp":514,"level":1},{"id":"5518998203431@s.whatsapp.net","xp":506,"level":1},{"id":"5516991900088@s.whatsapp.net","xp":501,"level":1},{"id":"556799312951@s.whatsapp.net","xp":481,"level":1},{"id":"5521996649814@s.whatsapp.net","xp":478,"level":1},{"id":"557499625112@s.whatsapp.net","xp":474,"level":1},{"id":"556198642164@s.whatsapp.net","xp":416,"level":1},{"id":"557193691149@s.whatsapp.net","xp":394,"level":1},{"id":"258843717556@s.whatsapp.net","xp":388,"level":1},{"id":"5516997420725@s.whatsapp.net","xp":388,"level":1},{"id":"559492935359@s.whatsapp.net","xp":387,"level":1},{"id":"558189031431@s.whatsapp.net","xp":361,"level":1},{"id":"559584045954@s.whatsapp.net","xp":302,"level":1},{"id":"555197821398@s.whatsapp.net","xp":298,"level":1},{"id":"5511974794139@s.whatsapp.net","xp":281,"level":1},{"id":"554791233771@s.whatsapp.net","xp":281,"level":1},{"id":"553597094399@s.whatsapp.net","xp":280,"level":1},{"id":"558589091042@s.whatsapp.net","xp":262,"level":1},{"id":"558281334589@s.whatsapp.net","xp":261,"level":1},{"id":"553197998692@s.whatsapp.net","xp":241,"level":1},{"id":"5511983053421@s.whatsapp.net","xp":241,"level":1},{"id":"5511984808035@s.whatsapp.net","xp":236,"level":1},{"id":"5511984620783@s.whatsapp.net","xp":226,"level":1},{"id":"556293667176@s.whatsapp.net","xp":193,"level":1},{"id":"556992973100@s.whatsapp.net","xp":173,"level":1},{"id":"559292844345@s.whatsapp.net","xp":161,"level":1},{"id":"5515991717205@s.whatsapp.net","xp":161,"level":1},{"id":"5511973414636@s.whatsapp.net","xp":131,"level":1},{"id":"555191617886@s.whatsapp.net","xp":130,"level":1},{"id":"558399392508@s.whatsapp.net","xp":124,"level":1},{"id":"558788733166@s.whatsapp.net","xp":87,"level":1},{"id":"553188336866@s.whatsapp.net","xp":64,"level":1},{"id":"557199169910@s.whatsapp.net","xp":61,"level":1},{"id":"5519981858860@s.whatsapp.net","xp":55,"level":1},{"id":"559192331478@s.whatsapp.net","xp":44,"level":1},{"id":"5512996099269@s.whatsapp.net","xp":41,"level":1},{"id":"558186635482@s.whatsapp.net","xp":21,"level":1},{"id":"5521981176204@s.whatsapp.net","xp":21,"level":1},{"id":"559984771001@s.whatsapp.net","xp":21,"level":1},{"id":"554891934005@s.whatsapp.net","xp":21,"level":1},{"id":"5512992103911@s.whatsapp.net","xp":21,"level":1},{"id":"5511947683834@s.whatsapp.net","xp":19,"level":1},{"id":"5521985770889@s.whatsapp.net","xp":12594,"level":2},{"id":"5511952485924@s.whatsapp.net","xp":1,"level":1},{"id":"559891684303@s.whatsapp.net","xp":1,"level":1},{"id":"558184413115@s.whatsapp.net","xp":1,"level":1},{"id":"556294031843@s.whatsapp.net","xp":1,"level":1},{"id":"559294450170@s.whatsapp.net","xp":1,"level":1},{"id":"553199435809@s.whatsapp.net","xp":1,"level":1},{"id":"558896220381@s.whatsapp.net","xp":1,"level":1},{"id":"5516993550705@s.whatsapp.net","xp":1,"level":1},{"id":"15168610701@s.whatsapp.net","xp":1,"level":1},{"id":"559188344190@s.whatsapp.net","xp":1,"level":1},{"id":"559192812052@s.whatsapp.net","xp":1,"level":1},{"id":"559391341602@s.whatsapp.net","xp":1,"level":1},{"id":"554192747232@s.whatsapp.net","xp":1,"level":1},{"id":"555191029061@s.whatsapp.net","xp":1,"level":1},{"id":"556199163064@s.whatsapp.net","xp":1,"level":1},{"id":"553599446657@s.whatsapp.net","xp":1,"level":1},{"id":"557599487558@s.whatsapp.net","xp":1,"level":1},{"id":"5513997473691@s.whatsapp.net","xp":1,"level":1},{"id":"558296823418@s.whatsapp.net","xp":1,"level":1},{"id":"553173548970@s.whatsapp.net","xp":1515,"level":1},{"id":"556696142343@s.whatsapp.net","xp":1,"level":1},{"id":"557391683020@s.whatsapp.net","xp":13625,"level":2},{"id":"554488438911@s.whatsapp.net","xp":5049,"level":2},{"id":"554891210712@s.whatsapp.net","xp":6062,"level":2},{"id":"558486319497@s.whatsapp.net","xp":4045,"level":1}]