[{"id":"558981165827@s.whatsapp.net","limit":123},{"id":"558981469857@s.whatsapp.net","limit":9},{"id":"559184035474@s.whatsapp.net","limit":82},{"id":"557391944397@s.whatsapp.net","limit":-5},{"id":"258844795677@s.whatsapp.net","limit":2},{"id":"554187855836@s.whatsapp.net","limit":10},{"id":"554192747232@s.whatsapp.net","limit":4},{"id":"554498919550@s.whatsapp.net","limit":14},{"id":"559192136241@s.whatsapp.net","limit":18},{"id":"552192539941@s.whatsapp.net","limit":2},{"id":"15168610701@s.whatsapp.net","limit":1},{"id":"5511988985726@s.whatsapp.net","limit":-9},{"id":"556792266471@s.whatsapp.net","limit":-5},{"id":"559192331478@s.whatsapp.net","limit":5},{"id":"559899848397@s.whatsapp.net","limit":-3},{"id":"554796453845@s.whatsapp.net","limit":7},{"id":"556593394562@s.whatsapp.net","limit":1},{"id":"556592163156@s.whatsapp.net","limit":-3}]