[{"id":"558981165827@s.whatsapp.net","uang":215008},{"id":"5519989084467@s.whatsapp.net","uang":204071},{"id":"5511937286887@s.whatsapp.net","uang":167675},{"id":"559295114497@s.whatsapp.net","uang":163027},{"id":"559492849669@s.whatsapp.net","uang":132775},{"id":"5511988985726@s.whatsapp.net","uang":133165},{"id":"5511984228699@s.whatsapp.net","uang":117321},{"id":"5511962564714@s.whatsapp.net","uang":109558},{"id":"5511910761611@s.whatsapp.net","uang":81878},{"id":"559184035474@s.whatsapp.net","uang":63049},{"id":"558281375142@s.whatsapp.net","uang":70615},{"id":"5516994068584@s.whatsapp.net","uang":67109},{"id":"558599895391@s.whatsapp.net","uang":68168},{"id":"552192539941@s.whatsapp.net","uang":71347},{"id":"558981469857@s.whatsapp.net","uang":57079},{"id":"559192136241@s.whatsapp.net","uang":57189},{"id":"554796453845@s.whatsapp.net","uang":53425},{"id":"5511963895971@s.whatsapp.net","uang":47963},{"id":"557184654663@s.whatsapp.net","uang":47142},{"id":"554291452626@s.whatsapp.net","uang":49993},{"id":"5524998257864@s.whatsapp.net","uang":43217},{"id":"554498782848@s.whatsapp.net","uang":40967},{"id":"5521981689107@s.whatsapp.net","uang":48520},{"id":"554196414291@s.whatsapp.net","uang":39510},{"id":"558581509734@s.whatsapp.net","uang":38625},{"id":"558192785097@s.whatsapp.net","uang":36866},{"id":"555492446147@s.whatsapp.net","uang":37073},{"id":"5511945918145@s.whatsapp.net","uang":33329},{"id":"558597917367@s.whatsapp.net","uang":34227},{"id":"553888517724@s.whatsapp.net","uang":31214},{"id":"559184135976@s.whatsapp.net","uang":37664},{"id":"553888447340@s.whatsapp.net","uang":29581},{"id":"554396466824@s.whatsapp.net","uang":37836},{"id":"559295181764@s.whatsapp.net","uang":28392},{"id":"556593394562@s.whatsapp.net","uang":33255},{"id":"554187855836@s.whatsapp.net","uang":30004},{"id":"554591079719@s.whatsapp.net","uang":25084},{"id":"5511981021695@s.whatsapp.net","uang":21768},{"id":"557182369330@s.whatsapp.net","uang":21438},{"id":"556993899391@s.whatsapp.net","uang":20593},{"id":"554498919550@s.whatsapp.net","uang":22375},{"id":"5511934660977@s.whatsapp.net","uang":20392},{"id":"557391944397@s.whatsapp.net","uang":23069},{"id":"5511985882197@s.whatsapp.net","uang":19446},{"id":"558197285844@s.whatsapp.net","uang":17931},{"id":"5511958312208@s.whatsapp.net","uang":19353},{"id":"559492433633@s.whatsapp.net","uang":14974},{"id":"559299839173@s.whatsapp.net","uang":14855},{"id":"555496592565@s.whatsapp.net","uang":14255},{"id":"559191707457@s.whatsapp.net","uang":14145},{"id":"5518997531759@s.whatsapp.net","uang":14086},{"id":"5511980505287@s.whatsapp.net","uang":13694},{"id":"5521972646374@s.whatsapp.net","uang":13353},{"id":"5511948091727@s.whatsapp.net","uang":13312},{"id":"558183641365@s.whatsapp.net","uang":13567},{"id":"559699723506@s.whatsapp.net","uang":13101},{"id":"558199176426@s.whatsapp.net","uang":15849},{"id":"558287700991@s.whatsapp.net","uang":12847},{"id":"5527988781617@s.whatsapp.net","uang":9566},{"id":"558184413115@s.whatsapp.net","uang":9282},{"id":"258844795677@s.whatsapp.net","uang":9182},{"id":"5519992901491@s.whatsapp.net","uang":8719},{"id":"554192747232@s.whatsapp.net","uang":8277},{"id":"554599432716@s.whatsapp.net","uang":8106},{"id":"556792266471@s.whatsapp.net","uang":10375},{"id":"556592163156@s.whatsapp.net","uang":16329},{"id":"556999927814@s.whatsapp.net","uang":7452},{"id":"556199013841@s.whatsapp.net","uang":12454},{"id":"558588968147@s.whatsapp.net","uang":7143},{"id":"5511959792350@s.whatsapp.net","uang":6891},{"id":"556899079503@s.whatsapp.net","uang":6754},{"id":"553198344834@s.whatsapp.net","uang":6323},{"id":"5516988673362@s.whatsapp.net","uang":6148},{"id":"559391257820@s.whatsapp.net","uang":6608},{"id":"559294450170@s.whatsapp.net","uang":6640},{"id":"556899265179@s.whatsapp.net","uang":5854},{"id":"557582846146@s.whatsapp.net","uang":5018},{"id":"5515998268136@s.whatsapp.net","uang":5307},{"id":"559899685838@s.whatsapp.net","uang":4339},{"id":"5511990167657@s.whatsapp.net","uang":4622},{"id":"556198642164@s.whatsapp.net","uang":4236},{"id":"5511949907065@s.whatsapp.net","uang":6526},{"id":"557988721575@s.whatsapp.net","uang":4249},{"id":"554298567347@s.whatsapp.net","uang":4609},{"id":"553591087217@s.whatsapp.net","uang":3975},{"id":"557193691149@s.whatsapp.net","uang":3877},{"id":"553496480200@s.whatsapp.net","uang":3783},{"id":"553388576877@s.whatsapp.net","uang":3777},{"id":"556381581455@s.whatsapp.net","uang":3561},{"id":"559899848397@s.whatsapp.net","uang":3508},{"id":"5512996099269@s.whatsapp.net","uang":3391},{"id":"5511977067779@s.whatsapp.net","uang":3327},{"id":"559192812052@s.whatsapp.net","uang":3310},{"id":"558396308268@s.whatsapp.net","uang":3683},{"id":"559491087280@s.whatsapp.net","uang":3206},{"id":"553597094399@s.whatsapp.net","uang":3204},{"id":"557981143650@s.whatsapp.net","uang":3195},{"id":"555197821398@s.whatsapp.net","uang":3128},{"id":"5521996649814@s.whatsapp.net","uang":3112},{"id":"555185219848@s.whatsapp.net","uang":3672},{"id":"556896030801@s.whatsapp.net","uang":3089},{"id":"557398569217@s.whatsapp.net","uang":3397},{"id":"5512992577537@s.whatsapp.net","uang":7194},{"id":"558189031431@s.whatsapp.net","uang":2941},{"id":"5511984620783@s.whatsapp.net","uang":2935},{"id":"5518998203431@s.whatsapp.net","uang":2838},{"id":"5527988736169@s.whatsapp.net","uang":2757},{"id":"558589091042@s.whatsapp.net","uang":2754},{"id":"556196619769@s.whatsapp.net","uang":3126},{"id":"554399737646@s.whatsapp.net","uang":4624},{"id":"5516991900088@s.whatsapp.net","uang":2349},{"id":"556799312951@s.whatsapp.net","uang":2254},{"id":"556296787216@s.whatsapp.net","uang":2079},{"id":"559192331478@s.whatsapp.net","uang":1976},{"id":"559188344190@s.whatsapp.net","uang":1881},{"id":"557996636053@s.whatsapp.net","uang":1797},{"id":"559492935359@s.whatsapp.net","uang":1776},{"id":"556293667176@s.whatsapp.net","uang":1694},{"id":"554791233771@s.whatsapp.net","uang":1618},{"id":"558186635482@s.whatsapp.net","uang":1607},{"id":"556199163064@s.whatsapp.net","uang":2163},{"id":"5511957337176@s.whatsapp.net","uang":1503},{"id":"556199589604@s.whatsapp.net","uang":1499},{"id":"557499625112@s.whatsapp.net","uang":1335},{"id":"5511974794139@s.whatsapp.net","uang":1324},{"id":"558896220381@s.whatsapp.net","uang":1315},{"id":"555191029061@s.whatsapp.net","uang":1244},{"id":"558281334589@s.whatsapp.net","uang":1228},{"id":"5511983053421@s.whatsapp.net","uang":1136},{"id":"5511973414636@s.whatsapp.net","uang":1132},{"id":"553197998692@s.whatsapp.net","uang":1129},{"id":"553199435809@s.whatsapp.net","uang":1057},{"id":"5511952485924@s.whatsapp.net","uang":1222},{"id":"5513997514422@s.whatsapp.net","uang":1224},{"id":"15168610701@s.whatsapp.net","uang":943},{"id":"258843717556@s.whatsapp.net","uang":937},{"id":"5516997420725@s.whatsapp.net","uang":850},{"id":"5515991717205@s.whatsapp.net","uang":764},{"id":"559584045954@s.whatsapp.net","uang":762},{"id":"559292844345@s.whatsapp.net","uang":762},{"id":"5511943731042@s.whatsapp.net","uang":757},{"id":"5511984808035@s.whatsapp.net","uang":668},{"id":"559391341602@s.whatsapp.net","uang":663},{"id":"556499983397@s.whatsapp.net","uang":659},{"id":"553598429713@s.whatsapp.net","uang":658},{"id":"559892141014@s.whatsapp.net","uang":1035},{"id":"5519981858860@s.whatsapp.net","uang":569},{"id":"558788733166@s.whatsapp.net","uang":564},{"id":"558399392508@s.whatsapp.net","uang":474},{"id":"555191617886@s.whatsapp.net","uang":473},{"id":"556992973100@s.whatsapp.net","uang":379},{"id":"554891934005@s.whatsapp.net","uang":373},{"id":"556599373634@s.whatsapp.net","uang":2938},{"id":"557199169910@s.whatsapp.net","uang":284},{"id":"558296823418@s.whatsapp.net","uang":281},{"id":"553188336866@s.whatsapp.net","uang":198},{"id":"5521981176204@s.whatsapp.net","uang":191},{"id":"5511947683834@s.whatsapp.net","uang":189},{"id":"554196841802@s.whatsapp.net","uang":188},{"id":"5513997473691@s.whatsapp.net","uang":185},{"id":"559984771001@s.whatsapp.net","uang":99},{"id":"553599446657@s.whatsapp.net","uang":95},{"id":"559891684303@s.whatsapp.net","uang":286},{"id":"5512992103911@s.whatsapp.net","uang":93},{"id":"5521985770889@s.whatsapp.net","uang":2633},{"id":"556294031843@s.whatsapp.net","uang":0},{"id":"5516993550705@s.whatsapp.net","uang":0},{"id":"557599487558@s.whatsapp.net","uang":0},{"id":"553173548970@s.whatsapp.net","uang":472},{"id":"556696142343@s.whatsapp.net","uang":1323},{"id":"557391683020@s.whatsapp.net","uang":2730},{"id":"554488438911@s.whatsapp.net","uang":956},{"id":"554891210712@s.whatsapp.net","uang":1136},{"id":"558486319497@s.whatsapp.net","uang":750}]