[{"id":"558981165827@s.whatsapp.net","name":"Aztro","age":"18","time":"31/01 02:42:50","serial":"be606479fd35f7321774"},{"id":"556993899391@s.whatsapp.net","name":"Zeus","age":"18","time":"02/02 05:18:12","serial":"f415f8ceb24a259c9463"},{"id":"559492849669@s.whatsapp.net","name":"KAUÃ_GOD","age":"17","time":"02/02 05:35:08","serial":"640c5bc4e655fd8d69ec"},{"id":"5511937286887@s.whatsapp.net","name":"Jean","age":"01","time":"02/02 06:55:32","serial":"98b7e509d4f35c3c1aa7"},{"id":"5519989084467@s.whatsapp.net","name":"🌹ᛞᛖᚢᛊ᛫ᛞᛟᛊ᛫ᚲᛟᚱᚾᛟᛊ🌹","age":"16","time":"02/02 06:56:06","serial":"6762e221a78092a0d8cc"},{"id":"558281375142@s.whatsapp.net","name":"café","age":"1.000.000","time":"02/02 06:58:02","serial":"f1fcd10ddf8651b5a4fd"},{"id":"558581509734@s.whatsapp.net","name":"Pepe","age":"16","time":"02/02 07:03:14","serial":"156c9cb163e0064e5d00"},{"id":"556899079503@s.whatsapp.net","name":"Picasso","age":"18","time":"02/02 07:05:38","serial":"b0a8baf98942c2c7ee01"},{"id":"5511963895971@s.whatsapp.net","name":"Yuri","age":"23","time":"02/02 07:05:41","serial":"96494fd49d0c38eb571f"},{"id":"558192785097@s.whatsapp.net","name":"monkey","age":"19","time":"02/02 07:18:21","serial":"7df47b5dc53015e223b0"},{"id":"5511984228699@s.whatsapp.net","name":"Grazegatinha","age":"19","time":"02/02 07:19:57","serial":"9be2cd0bf1b53a96ff3a"},{"id":"559295114497@s.whatsapp.net","name":"Sidy","age":"14","time":"02/02 07:22:38","serial":"44b69171305eb102f27e"},{"id":"5519992901491@s.whatsapp.net","name":"MR.PLAGUE","age":"17","time":"02/02 07:30:11","serial":"04ffa7db7aa581a0e42c"},{"id":"553888447340@s.whatsapp.net","name":"smigu","age":"19","time":"02/02 07:34:11","serial":"b88bea11f00eaf15eae6"},{"id":"557184654663@s.whatsapp.net","name":"Digo","age":"1000","time":"02/02 08:21:28","serial":"e0425a9f486aa62bdbdc"},{"id":"5518998203431@s.whatsapp.net","name":"Unless","age":"15","time":"02/02 08:25:16","serial":"9308fa0b07f9a70c8cd9"},{"id":"559492433633@s.whatsapp.net","name":"Pudim","age":"17","time":"02/02 08:37:54","serial":"2ffdb17389fa9d08c061"},{"id":"5516994068584@s.whatsapp.net","name":"deny","age":"25","time":"02/02 08:45:54","serial":"99c910943319f0297d5a"},{"id":"554591079719@s.whatsapp.net","name":"onaga","age":"18","time":"02/02 08:50:17","serial":"0e3ff9e678108041a57d"},{"id":"556293667176@s.whatsapp.net","name":"Robertin","age":"20","time":"02/02 08:58:38","serial":"7548f196fdf34b35dfc4"},{"id":"5521996649814@s.whatsapp.net","name":"shaulin cu preto","age":"7678","time":"02/02 09:06:53","serial":"d9bfae102c3f9e1abd60"},{"id":"556198642164@s.whatsapp.net","name":"rafa","age":"15","time":"02/02 09:12:56","serial":"b28eb919d3c59ff3a4ec"},{"id":"5511934660977@s.whatsapp.net","name":"patinhas","age":"18","time":"02/02 09:18:00","serial":"551ad49e762df95db3f9"},{"id":"553388576877@s.whatsapp.net","name":"Tadashi","age":"14","time":"02/02 09:30:46","serial":"33f0698578a1f9248c79"},{"id":"559295181764@s.whatsapp.net","name":"Mantega","age":"17","time":"02/02 09:32:24","serial":"fb7c2b1522b5e5be71d4"},{"id":"559899685838@s.whatsapp.net","name":"PredaT","age":"17","time":"02/02 09:37:35","serial":"903a35ea114ee536d34a"},{"id":"5511945918145@s.whatsapp.net","name":"Donald","age":"19","time":"02/02 22:10:00","serial":"012ca04aab152ac0f80d"},{"id":"5516991900088@s.whatsapp.net","name":"Nicolas","age":"17","time":"02/02 23:23:42","serial":"cac3cff7ab8ca358c28e"},{"id":"557193691149@s.whatsapp.net","name":"kaynzinhoapelao","age":"16","time":"03/02 00:15:16","serial":"69837690ed7863e86348"},{"id":"5511947683834@s.whatsapp.net","name":"maucali do funk ","age":"15","time":"03/02 00:17:05","serial":"28d802d5bf251578b70e"},{"id":"558589091042@s.whatsapp.net","name":"tash","age":" 23","time":"03/02 00:19:10","serial":"0786ed875e485220a603"},{"id":"555496592565@s.whatsapp.net","name":"kazuma","age":"18","time":"03/02 00:49:01","serial":"603a0ba844bc3ee894eb"},{"id":"555197821398@s.whatsapp.net","name":"MinhaPika","age":"11","time":"03/02 00:53:29","serial":"2422ca8fa5f5a5f2c264"},{"id":"5511984620783@s.whatsapp.net","name":"Carlos","age":"19","time":"03/02 01:32:23","serial":"cd7575f240902950a39e"},{"id":"554196414291@s.whatsapp.net","name":"jimin","age":"13","time":"03/02 01:45:27","serial":"fe9b618722a9800052b8"},{"id":"553597094399@s.whatsapp.net","name":"Yares","age":"10","time":"03/02 02:58:47","serial":"019d00f3ca0ec013f686"},{"id":"553888517724@s.whatsapp.net","name":"Luyz","age":"15","time":"03/02 03:35:12","serial":"de889f9fb2ae59965884"},{"id":"5511981021695@s.whatsapp.net","name":"manorick","age":"18","time":"03/02 03:58:14","serial":"d3f78e29f52e936671cb"},{"id":"5524998257864@s.whatsapp.net","name":"Tavinloli","age":"15","time":"03/02 03:59:12","serial":"3fc5daa06d25995febdb"},{"id":"557182369330@s.whatsapp.net","name":"alone","age":"16","time":"03/02 04:25:42","serial":"d75a7eabd3169ca1a028"},{"id":"553591087217@s.whatsapp.net","name":"Rodolfo","age":" 19","time":"03/02 06:03:15","serial":"b57c0234e6e45140f245"},{"id":"5519981858860@s.whatsapp.net","name":"Liverston","age":"18","time":"03/02 07:12:02","serial":"91d54058f6ff7f2252af"},{"id":"554498782848@s.whatsapp.net","name":"CUNHADO DO KAUA","age":"15","time":"03/02 22:39:12","serial":"ed943b80b7618ee53421"},{"id":"5511973414636@s.whatsapp.net","name":"trash","age":"14","time":"03/02 22:45:04","serial":"548f901721c5eaf69adb"},{"id":"556896030801@s.whatsapp.net","name":"Kerick","age":"17","time":"03/02 23:48:37","serial":"30d8ff24ae1c6d138578"},{"id":"558296823418@s.whatsapp.net","name":"jonaz","age":"18","time":"04/02 00:29:42","serial":"66cab0991dfdf794d374"},{"id":"5513997473691@s.whatsapp.net","name":"mauri","age":"18","time":"04/02 00:35:27","serial":"de58892584c96db3a003"},{"id":"5511959792350@s.whatsapp.net","name":"giugitsu","age":"15","time":"04/02 03:35:20","serial":"ead499f5ef19016cec86"},{"id":"5515991717205@s.whatsapp.net","name":"SUI€ID∆","age":"19","time":"04/02 08:11:00","serial":"06d646b9101efa61627d"},{"id":"5511910761611@s.whatsapp.net","name":"draxxx","age":"14","time":"04/02 23:49:18","serial":"e39cfdb4c5d840cb9bc8"},{"id":"557199169910@s.whatsapp.net","name":"アッカーマン","age":" 17","time":"05/02 00:50:49","serial":"af11a32bee06d00203ff"},{"id":"557599487558@s.whatsapp.net","name":"Hiro","age":"18","time":"05/02 05:06:30","serial":"18823b15c89c6b4719fd"},{"id":"5527988781617@s.whatsapp.net","name":"вιєℓℓz⎝⎝","age":"16","time":"06/02 00:50:44","serial":"5167f8aca23a1337b4cc"},{"id":"558281334589@s.whatsapp.net","name":"Cønty","age":"15","time":"06/02 05:58:32","serial":"a3196bb0bf8d3b27754a"},{"id":"5511985882197@s.whatsapp.net","name":"aztro","age":"18","time":"06/02 07:19:46","serial":"c30576cc3252f4e22a44"},{"id":"559292844345@s.whatsapp.net","name":"vulcano","age":"000","time":"06/02 08:03:25","serial":"c718ca7e9385ddd72c77"},{"id":"554791233771@s.whatsapp.net","name":"João Victor Leal","age":"15 anos","time":"06/02 08:18:29","serial":"26f930be554be717469f"},{"id":"556799312951@s.whatsapp.net","name":"comedor","age":"12","time":"06/02 08:19:24","serial":"64a4f1e9492c38a626ae"},{"id":"5511988985726@s.whatsapp.net","name":"yato","age":"18","time":"06/02 08:38:29","serial":"c286c63977d5638c06e8"},{"id":"556381581455@s.whatsapp.net","name":"sለռէs♠️","age":"18","time":"06/02 09:33:55","serial":"8fe9073f3f3714bef2c3"},{"id":"5511983053421@s.whatsapp.net","name":"Vini","age":"15","time":"06/02 23:31:04","serial":"2fb8e1262ef217e532f8"},{"id":"558189031431@s.whatsapp.net","name":"Andy","age":"17","time":"06/02 23:32:36","serial":"da9c359ce3a84924f518"},{"id":"5512992103911@s.whatsapp.net","name":"João","age":"18","time":"07/02 00:22:55","serial":"fb55c1397eee226d77de"},{"id":"553599446657@s.whatsapp.net","name":"🇧🇳MR_DELTA","age":"20","time":"07/02 01:54:17","serial":"7da05634a5dec27eb52c"},{"id":"558981469857@s.whatsapp.net","name":"aztro","age":"18","time":"09/02 09:19:49","serial":"e0448379558c7e7ae5df"},{"id":"5511977067779@s.whatsapp.net","name":"Esfoliador de bumbum bot","age":"18","time":"09/02 21:27:22","serial":"fb0a318d065566bb135f"},{"id":"553198344834@s.whatsapp.net","name":"Matt","age":"130","time":"09/02 21:32:22","serial":"e2bbda1e47748ff1a3e7"},{"id":"559492935359@s.whatsapp.net","name":"pombo","age":"17","time":"10/02 00:12:43","serial":"4e0dcb4807bd176fb77f"},{"id":"556296787216@s.whatsapp.net","name":"comedor de casada ","age":"18","time":"10/02 01:36:34","serial":"d0953b3fd04ee6f8962b"},{"id":"5511948091727@s.whatsapp.net","name":"Roberto","age":"18","time":"10/02 02:27:49","serial":"1fafebe56375e75d86a3"},{"id":"5511974794139@s.whatsapp.net","name":"Vini","age":"13","time":"10/02 02:28:36","serial":"53cfcfc361d8f136d17f"},{"id":"558399392508@s.whatsapp.net","name":"Nicolas","age":"14","time":"10/02 02:38:37","serial":"26de484edda0bf8d6846"},{"id":"5527988736169@s.whatsapp.net","name":"nayr","age":"94","time":"10/02 03:08:25","serial":"1118df7292374d0f8d05"},{"id":"554891934005@s.whatsapp.net","name":"Jubileu","age":"15","time":"10/02 03:51:57","serial":"48c9be49ea2160c7b0a6"},{"id":"559984771001@s.whatsapp.net","name":"gab","age":"32","time":"10/02 03:56:53","serial":"f0e6221f9d0bf41ec612"},{"id":"5512996099269@s.whatsapp.net","name":"Lype","age":"186","time":"10/02 04:10:21","serial":"cee17bc47cf9958ab13e"},{"id":"553496480200@s.whatsapp.net","name":"carlin","age":"21","time":"10/02 04:35:24","serial":"4b8f39f544c834b07a00"},{"id":"553197998692@s.whatsapp.net","name":"rod","age":"16","time":"10/02 05:01:41","serial":"2ad47cd1253971021602"},{"id":"5521981176204@s.whatsapp.net","name":"mamaco","age":"19","time":"10/02 05:06:06","serial":"b2def4f4b508272a7fa2"},{"id":"558186635482@s.whatsapp.net","name":"davi","age":"18","time":"10/02 05:20:35","serial":"c63f31c3646a99df2144"},{"id":"553188336866@s.whatsapp.net","name":"Diovanne","age":"18","time":"10/02 05:48:59","serial":"e59c6d96e811a120d2f8"},{"id":"5511984808035@s.whatsapp.net","name":"gustavo","age":"15","time":"10/02 07:49:37","serial":"39bffd71a574fadc8c6b"},{"id":"558788733166@s.whatsapp.net","name":"Haruano","age":"13","time":"10/02 08:43:34","serial":"4bcd59e40c7673b63d62"},{"id":"557499625112@s.whatsapp.net","name":"kakashi","age":"q3","time":"10/02 08:44:45","serial":"cc3572ab31db76c66fd2"},{"id":"559184035474@s.whatsapp.net","name":"Max","age":"20","time":"11/02 20:48:31","serial":"406066fee3f461c77974"},{"id":"554498919550@s.whatsapp.net","name":"Mike","age":"19","time":"11/02 21:14:45","serial":"091e305d29ab08208dca"},{"id":"554396466824@s.whatsapp.net","name":"moon","age":"18","time":"11/02 21:16:51","serial":"f0ea75db182ce69884f7"},{"id":"558199176426@s.whatsapp.net","name":"N3x0$","age":"15","time":"11/02 21:25:01","serial":"a2fe3031e46e49da4481"},{"id":"557582846146@s.whatsapp.net","name":"raiva","age":"53","time":"11/02 21:29:02","serial":"aeab3f3b7669c4d63741"},{"id":"556992973100@s.whatsapp.net","name":"raiva","age":"87","time":"11/02 21:29:26","serial":"933e2969cea0b51608a4"},{"id":"558197285844@s.whatsapp.net","name":"memama","age":"15","time":"11/02 21:38:28","serial":"28619579f55523bf8b02"},{"id":"558287700991@s.whatsapp.net","name":"Baklindo","age":"12","time":"11/02 21:40:09","serial":"b0f7121e68912c5ea9ac"},{"id":"556199163064@s.whatsapp.net","name":"Sukuna","age":"14","time":"11/02 22:07:15","serial":"32e07364e7d465816830"},{"id":"552192539941@s.whatsapp.net","name":"Marlom","age":"13","time":"11/02 23:07:46","serial":"88a260d3640bcc82ee07"},{"id":"559299839173@s.whatsapp.net","name":"kirito","age":"21","time":"11/02 23:11:30","serial":"859cf99b5b5fda603797"},{"id":"5513997514422@s.whatsapp.net","name":"jonata","age":"15","time":"11/02 23:13:31","serial":"cbf0f989cce75da073b6"},{"id":"558396308268@s.whatsapp.net","name":"torugo","age":"28","time":"11/02 23:17:50","serial":"6a3dd415a75379edd240"},{"id":"558599895391@s.whatsapp.net","name":"moon","age":"15","time":"12/02 03:32:40","serial":"19be47e6d3ba199d5f70"},{"id":"5521972646374@s.whatsapp.net","name":"Medaka","age":"14","time":"12/02 03:36:55","serial":"d5863e4bcbb8d6c08b4a"},{"id":"554796453845@s.whatsapp.net","name":"Sunshine","age":"14","time":"12/02 03:37:30","serial":"80e7a8da4e4c32aaac95"},{"id":"5511962564714@s.whatsapp.net","name":"Sukuna•","age":"17","time":"12/02 03:39:37","serial":"b7b5bf107569a1a131c5"},{"id":"559184135976@s.whatsapp.net","name":"Beerus","age":"13","time":"12/02 03:49:13","serial":"2ea528b48ac0bee9ea84"},{"id":"554291452626@s.whatsapp.net","name":"aztro","age":"56","time":"12/02 03:49:28","serial":"5926d5a9d33eebebe326"},{"id":"555492446147@s.whatsapp.net","name":"kauani","age":"14","time":"12/02 03:52:02","serial":"eb428e2b5cdf671c5fde"},{"id":"559699723506@s.whatsapp.net","name":"rg Byakuya Gostoso","age":"17","time":"12/02 04:16:05","serial":"cdda9b39f01e4cf8846d"},{"id":"5511980505287@s.whatsapp.net","name":"kiyo","age":"16","time":"12/02 04:16:25","serial":"1de6f66d828b0f1671cf"},{"id":"258844795677@s.whatsapp.net","name":"Killer","age":"15","time":"12/02 04:17:01","serial":"df60dfc2d7ad26476141"},{"id":"557391944397@s.whatsapp.net","name":"⛤マトス•𝑽𝒊𝒄ᣳ⃟𝒕𝒐𝒓 𝑴.ඞ᭄","age":"14","time":"12/02 04:20:08","serial":"dbe12c0b4959f8d8a65c"},{"id":"554187855836@s.whatsapp.net","name":"lukas","age":"17","time":"12/02 05:36:17","serial":"c0222c977ca5dc28a9e5"},{"id":"555191029061@s.whatsapp.net","name":"ashley ","age":"14","time":"12/02 07:42:02","serial":"bad221ac3b243042afc4"},{"id":"554192747232@s.whatsapp.net","name":"GENOS","age":"17 ANOS","time":"12/02 07:43:10","serial":"8e503a87e6badc3e1b9c"},{"id":"559391341602@s.whatsapp.net","name":"Stevan","age":" 18","time":"12/02 07:43:57","serial":"e8376bfce78a08f844f8"},{"id":"5521981689107@s.whatsapp.net","name":"arthurgostoso06","age":"14","time":"12/02 08:13:25","serial":"237e08fdc894db383df8"},{"id":"559192812052@s.whatsapp.net","name":"Enzo","age":"26","time":"12/02 09:02:40","serial":"db9b9586e4d38cb66963"},{"id":"557988721575@s.whatsapp.net","name":"Kauã ","age":" 15","time":"12/02 09:16:29","serial":"a51c4848129557bce9c2"},{"id":"554298567347@s.whatsapp.net","name":"ShakaX☄️","age":"18","time":"12/02 09:40:32","serial":"6aa2759e584733755d37"},{"id":"559191707457@s.whatsapp.net","name":"Fivee","age":"15","time":"12/02 22:32:31","serial":"8c0ef60b792b51678095"},{"id":"559391257820@s.whatsapp.net","name":"Sthars","age":"15","time":"12/02 23:52:05","serial":"5f4b9fe86e6dffd9f060"},{"id":"556199589604@s.whatsapp.net","name":"Shōyō","age":"15","time":"12/02 23:53:12","serial":"a903703e89a8752d0d99"},{"id":"557981143650@s.whatsapp.net","name":"Note","age":"17","time":"12/02 23:57:53","serial":"1319f7272112d72c7d7d"},{"id":"557996636053@s.whatsapp.net","name":"david","age":"17","time":"12/02 23:59:55","serial":"40fbb5c0f9cc86f53938"},{"id":"556199013841@s.whatsapp.net","name":"Sayuki","age":"16","time":"13/02 00:13:18","serial":"394ae52012d431f9efe7"},{"id":"559188344190@s.whatsapp.net","name":"heloysa","age":"16","time":"13/02 00:13:54","serial":"3ea182d07695ceab0d7f"},{"id":"559584045954@s.whatsapp.net","name":"Daniel","age":"17","time":"13/02 00:52:25","serial":"571465c1885959258ec5"},{"id":"559192136241@s.whatsapp.net","name":"mm","age":"nao","time":"13/02 01:02:39","serial":"a0c6057aad6b4fc9c6d5"},{"id":"559491087280@s.whatsapp.net","name":"Ameixa Maçã","age":"17","time":"13/02 02:41:04","serial":"c8902d9a19f0b55e5a06"},{"id":"5518997531759@s.whatsapp.net","name":"deku","age":"15","time":"13/02 02:42:38","serial":"55c2c80296b8780a24d1"},{"id":"558183641365@s.whatsapp.net","name":"tyler","age":"20","time":"13/02 03:01:14","serial":"da6c54731c6079e0c993"},{"id":"557398569217@s.whatsapp.net","name":"aztro","age":"18","time":"13/02 03:15:34","serial":"56ab3dc77d0bf34444ed"},{"id":"556593394562@s.whatsapp.net","name":"Jotinha","age":"16","time":"13/02 03:21:36","serial":"be4a3bb0397969d36962"},{"id":"5511958312208@s.whatsapp.net","name":"gustavo","age":"15","time":"13/02 03:21:55","serial":"97b28358036ca44ef55f"},{"id":"5511949907065@s.whatsapp.net","name":"James","age":"16","time":"13/02 03:26:11","serial":"9d7cf23ed12e3bb47da3"},{"id":"558597917367@s.whatsapp.net","name":"nome","age":"14","time":"13/02 08:16:59","serial":"601365942735fe0d0d35"},{"id":"5512992577537@s.whatsapp.net","name":"Ponpokotsu","age":"14","time":"13/02 08:28:01","serial":"0de1084e54eb33d5ea4b"},{"id":"5511957337176@s.whatsapp.net","name":"fukurowl","age":"15","time":"13/02 08:32:24","serial":"a6b55ff70ea388908c1f"},{"id":"15168610701@s.whatsapp.net","name":"ggg","age":"1000","time":"13/02 09:28:09","serial":"8a3a5c6fd18a46efba37"},{"id":"553598429713@s.whatsapp.net","name":"Hayate","age":"14","time":"13/02 09:45:45","serial":"264371f612c27eaf8a03"},{"id":"555191617886@s.whatsapp.net","name":"pedro","age":"15","time":"13/02 10:03:27","serial":"efaa6553ab7eaf7df6e6"},{"id":"556999927814@s.whatsapp.net","name":"Suzuki","age":"40","time":"13/02 22:40:05","serial":"ea360e4fdd29e12d68f7"},{"id":"554599432716@s.whatsapp.net","name":"Carvalho","age":"16","time":"13/02 22:46:08","serial":"5267d15f87511ec72615"},{"id":"554399737646@s.whatsapp.net","name":"Richard","age":"13","time":"14/02 00:46:58","serial":"4266810517dbc70d1451"},{"id":"556196619769@s.whatsapp.net","name":"Jσãσȥιɳ ⃟λƁR◓G̶D̶A̶ᬼ᭤᭄","age":"15","time":"14/02 00:50:33","serial":"8de23e40c866d39898af"},{"id":"556792266471@s.whatsapp.net","name":"gostoso","age":"80","time":"14/02 01:32:32","serial":"93961f208d78194844af"},{"id":"559192331478@s.whatsapp.net","name":"ggg","age":"17","time":"14/02 02:24:01","serial":"323a0f895c679e62a034"},{"id":"5516993550705@s.whatsapp.net","name":"lua","age":"18","time":"14/02 07:49:19","serial":"3477485da4df39c25c35"},{"id":"5516997420725@s.whatsapp.net","name":"Kaneca","age":"15","time":"15/02 03:58:27","serial":"6d0229a3edeb2a67fb53"},{"id":"5516988673362@s.whatsapp.net","name":"paulo paulada","age":"18","time":"16/02 02:20:07","serial":"6af53e6c9d56d27f3079"},{"id":"258843717556@s.whatsapp.net","name":"★L£l∅üCh","age":"16","time":"16/02 02:20:42","serial":"3646a5dea0645d03b458"},{"id":"558896220381@s.whatsapp.net","name":"sakura","age":"18","time":"16/02 06:16:50","serial":"6ca089ba3f1c70e6cdaa"},{"id":"5511990167657@s.whatsapp.net","name":"panda","age":"19","time":"16/02 06:55:29","serial":"08435e2983134f50cf6d"},{"id":"555185219848@s.whatsapp.net","name":"Calipse","age":"15","time":"16/02 07:03:15","serial":"ed68ff639b6a64c1ab4c"},{"id":"556899265179@s.whatsapp.net","name":"Franklin","age":"19","time":"16/02 07:46:10","serial":"92aadd06ee467cf6b3ed"},{"id":"553199435809@s.whatsapp.net","name":"Xerox Holmes","age":"18","time":"16/02 23:10:13","serial":"adbd81687701dc69ff41"},{"id":"556592163156@s.whatsapp.net","name":"Rei Quincy","age":"15","time":"16/02 23:23:50","serial":"61fe999d9beebf9927e7"},{"id":"5515998268136@s.whatsapp.net","name":"Ryan","age":"13","time":"17/02 00:28:16","serial":"cb97e598468dbcdb0417"},{"id":"559294450170@s.whatsapp.net","name":"Haruuu","age":"17","time":"17/02 01:28:28","serial":"0efece1cc2be6c563e09"},{"id":"556294031843@s.whatsapp.net","name":"Kaka","age":"18","time":"17/02 01:28:28","serial":"f4c1b5605b64f03fce9e"},{"id":"558184413115@s.whatsapp.net","name":"vanderson","age":"21","time":"17/02 02:03:09","serial":"0656385d407698cdd563"},{"id":"559891684303@s.whatsapp.net","name":"Taiga","age":"19","time":"17/02 06:50:55","serial":"97121488a9e8528e9c03"},{"id":"558588968147@s.whatsapp.net","name":"Keyaru","age":"16","time":"18/02 03:47:36","serial":"724fa71743f30604940b"},{"id":"559899848397@s.whatsapp.net","name":"Misuy","age":"16","time":"18/02 04:07:33","serial":"aa78480810517234bb4e"},{"id":"5511943731042@s.whatsapp.net","name":"pedro","age":"17","time":"18/02 05:20:19","serial":"d50464be6e6d066196ec"},{"id":"556599373634@s.whatsapp.net","name":"DIABLINHA","age":"18","time":"18/02 05:20:47","serial":"6974bd43dc2c5e1ed1fd"},{"id":"554196841802@s.whatsapp.net","name":"深い闇","age":"17","time":"18/02 05:21:53","serial":"56e128095d54e9838199"},{"id":"556499983397@s.whatsapp.net","name":"Issei","age":"18","time":"18/02 05:23:35","serial":"92675022385d1d768b44"},{"id":"559892141014@s.whatsapp.net","name":"Miguel","age":"16","time":"18/02 05:31:43","serial":"93817fe450704ce16f46"},{"id":"5511952485924@s.whatsapp.net","name":"noott","age":" 16","time":"18/02 06:46:34","serial":"afcd3a1e8129ac2fe1f5"},{"id":"5521985770889@s.whatsapp.net","name":"Faraó","age":"13","time":"18/02 07:11:52","serial":"1019f7467592724b00e1"},{"id":"553173548970@s.whatsapp.net","name":"Yure","age":"15","time":"18/02 07:12:06","serial":"da61cad235421517c4e3"},{"id":"556696142343@s.whatsapp.net","name":"Tk,s","age":"19","time":"18/02 07:12:22","serial":"5649e323f5984f09a2b2"},{"id":"557391683020@s.whatsapp.net","name":"nome","age":"idade","time":"18/02 22:08:33","serial":"3fcc8ca876077cdbe85d"},{"id":"554488438911@s.whatsapp.net","name":"cray","age":"18","time":"19/02 01:35:44","serial":"d2c26950cbd7406668da"},{"id":"554891210712@s.whatsapp.net","name":"speed","age":"16","time":"19/02 01:37:29","serial":"9ea89c8df0aeb16960bd"},{"id":"558486319497@s.whatsapp.net","name":"comi seu cu ","age":" 18","time":"19/02 01:40:45","serial":"1b619688c87c3d1e90b8"}]